id,Longitude,Latitude,Accident_Severity,Light_Conditions,Weather_Conditions,Road_Surface_Conditions
0,-2.975797,53.401901,3,4,1,1
1,-2.995949,53.406948,3,4,5,2
2,-2.973865,53.393035999999995,3,1,1,2
3,-2.898174,53.455651,2,4,5,2
4,-2.9827209999999997,53.406689,3,1,1,1
5,-2.931517,53.410201,3,1,1,1
6,-2.892002,53.394672,3,1,1,1
7,-2.9786349999999997,53.424645999999996,3,4,2,2
8,-2.953738,53.425073,3,4,1,1
9,-2.9945150000000003,53.430592000000004,3,1,1,1
10,-2.87117,53.420218999999996,3,1,1,4
11,-2.954312,53.403639,2,4,1,1
12,-2.936788,53.370087,2,4,1,1
13,-2.957297,53.387884,2,4,1,2
14,-2.9659590000000002,53.447697999999995,3,1,9,1
15,-2.839025,53.399407,2,1,1,1
16,-2.967804,53.396339000000005,3,1,1,1
17,-2.973418,53.432779000000004,3,1,1,1
18,-2.891907,53.414565,3,1,1,2
19,-2.885189,53.419281000000005,2,4,2,2
20,-2.97242,53.444444999999995,3,1,1,2
21,-2.864473,53.358605000000004,3,4,2,2
22,-2.8498349999999997,53.349396999999996,3,7,2,2
23,-2.953044,53.464034999999996,3,1,4,1
24,-2.865736,53.374191,2,4,1,1
25,-2.981529,53.390861,2,4,1,1
26,-2.838172,53.346818999999996,3,1,1,1
27,-2.958767,53.463989,3,4,2,3
28,-2.897309,53.456763,3,1,2,1
29,-2.956788,53.420157999999994,2,4,1,1
30,-2.905249,53.427868000000004,3,1,1,1
31,-2.880138,53.3488,3,1,1,1
32,-2.955861,53.403653000000006,3,4,1,1
33,-2.87281,53.39085,3,1,1,1
34,-2.892447,53.354110999999996,3,1,1,1
35,-2.9364310000000002,53.450396,3,4,1,1
36,-2.908024,53.361751,3,1,1,1
37,-2.898843,53.396733999999995,3,1,1,1
38,-2.854436,53.35634,3,4,8,1
39,-2.88049,53.362209,3,1,1,1
40,-2.943184,53.388805000000005,3,1,1,2
41,-2.8703990000000004,53.413430000000005,2,1,1,1
42,-2.896928,53.456542000000006,2,1,2,2
43,-2.948502,53.398076,3,1,4,1
44,-2.8328130000000002,53.340833999999994,3,1,1,1
45,-2.952251,53.417777,2,1,1,1
46,-2.931644,53.443583999999994,3,4,1,2
47,-2.928583,53.397064,3,1,2,2
48,-2.8566529999999997,53.362005,3,4,1,1
49,-2.962065,53.402623999999996,3,1,1,1
50,-2.85602,53.391132999999996,3,1,1,2
51,-2.981048,53.407881,3,1,1,1
52,-2.97327,53.401904,3,1,1,1
53,-2.954266,53.465437,3,1,1,1
54,-2.901296,53.375439,3,1,1,1
55,-2.96179,53.385062,3,4,2,2
56,-2.891705,53.434378,3,1,1,4
57,-2.975971,53.417396,3,1,1,1
58,-2.902838,53.391507999999995,2,4,1,2
59,-2.930437,53.390388,3,1,1,1
60,-2.980572,53.404855000000005,3,1,1,1
61,-2.983462,53.403618,2,4,1,2
62,-2.9478880000000003,53.426602,3,4,1,1
63,-2.941289,53.44466800000001,3,1,1,1
64,-2.9828240000000004,53.409862,3,4,1,2
65,-2.896242,53.462578,2,4,2,2
66,-2.963988,53.403183999999996,3,4,2,2
67,-2.928261,53.389866000000005,3,4,2,2
68,-2.865934,53.349875,3,1,1,2
69,-2.88115,53.419706000000005,2,1,1,1
70,-2.898889,53.401749,3,4,1,1
71,-2.940786,53.422587,3,4,1,1
72,-2.961852,53.393142000000005,3,4,2,2
73,-2.954242,53.42808,3,1,2,2
74,-2.960495,53.462438,2,1,1,2
75,-2.976435,53.411379000000004,3,4,1,1
76,-2.868067,53.349858999999995,3,1,1,1
77,-2.9251549999999997,53.375643000000004,2,1,1,1
78,-2.9308680000000003,53.39701899999999,3,7,1,2
79,-2.9621060000000003,53.40310899999999,3,1,1,1
80,-2.901617,53.428362,2,4,2,2
81,-2.929125,53.37364300000001,3,4,4,1
82,-2.948136,53.409342,3,1,1,1
83,-2.981034,53.407899,3,1,1,2
84,-2.993938,53.405221,1,4,4,1
85,-2.9495400000000003,53.389285,3,4,1,1
86,-2.880471,53.348932999999995,3,1,1,1
87,-2.987978,53.399885999999995,3,1,1,1
88,-2.917503,53.40985,2,1,1,1
89,-2.886616,53.380088,3,1,1,2
90,-2.981338,53.40738399999999,3,4,1,1
91,-2.971403,53.438162,3,1,1,1
92,-2.924181,53.41530899999999,2,4,1,2
93,-2.936516,53.397397,3,1,1,1
94,-2.9497169999999997,53.398579000000005,3,4,2,2
95,-2.909792,53.388291,3,4,1,1
96,-2.909577,53.414163,3,1,1,1
97,-2.967285,53.391346,3,1,2,2
98,-2.9704479999999998,53.456362,3,1,1,1
99,-2.967406,53.448423,2,4,1,1
100,-2.885386,53.419323999999996,3,1,1,1
101,-2.853771,53.35541,3,4,1,1
102,-2.956498,53.442785,3,4,1,1
103,-2.970463,53.401513,3,1,1,1
104,-2.94821,53.438375,3,1,1,1
105,-2.859544,53.343656,3,1,1,1
106,-2.940473,53.439748,3,1,1,1
107,-2.973619,53.439618,3,1,1,1
108,-2.978366,53.421448999999996,3,4,1,1
109,-2.9503909999999998,53.445692,3,4,1,1
110,-2.948075,53.386987,3,1,1,1
111,-2.986914,53.399392000000006,3,1,9,-1
112,-2.852032,53.39024499999999,3,1,1,1
113,-2.916457,53.436052000000004,3,1,3,3
114,-2.999657,53.425227,2,4,1,1
115,-2.905484,53.442491000000004,3,1,1,1
116,-2.9130540000000003,53.438811,3,1,1,1
117,-2.984341,53.426047,3,1,3,2
118,-2.902923,53.35575,3,4,4,1
119,-2.949554,53.389249,3,1,1,1
120,-2.892934,53.422639000000004,2,1,3,2
121,-2.9594869999999998,53.443112,3,1,1,1
122,-2.981992,53.441023,2,1,1,1
123,-2.905265,53.370501000000004,3,1,4,1
124,-2.9542740000000003,53.412026000000004,2,1,1,1
125,-2.926828,53.400034999999995,3,4,1,1
126,-2.93992,53.441991,3,1,1,1
127,-2.928782,53.38135,2,1,1,1
128,-2.974128,53.401951000000004,3,1,1,1
129,-2.949855,53.39668100000001,2,4,1,1
130,-2.9504799999999998,53.44161999999999,3,1,1,1
131,-2.921507,53.429424,3,4,1,2
132,-2.94968,53.397608,3,1,3,3
133,-2.973327,53.43075699999999,3,1,3,4
134,-2.9548389999999998,53.411742000000004,3,1,1,1
135,-2.913364,53.43853000000001,3,1,1,1
136,-2.98322,53.432905000000005,3,4,2,2
137,-2.8723810000000003,53.42866899999999,3,4,2,2
138,-2.926659,53.42205,3,1,1,1
139,-2.9450529999999997,53.41751,3,1,1,1
140,-2.932109,53.468937,2,1,1,1
141,-2.894683,53.448620999999996,3,1,3,3
142,-2.915608,53.446315000000006,3,1,9,-1
143,-2.914832,53.412271,3,4,2,2
144,-2.985777,53.40943299999999,2,4,2,2
145,-2.984475,53.407106000000006,3,4,2,2
146,-2.963702,53.437757,3,1,1,1
147,-2.956525,53.397696999999994,3,1,1,1
148,-2.9622080000000004,53.456941,3,1,1,1
149,-2.974949,53.381917,3,4,1,1
150,-2.869095,53.398167,2,4,1,1
151,-2.907241,53.397012,3,4,1,1
152,-2.989863,53.402028,3,1,1,1
153,-2.9571490000000002,53.461665,3,1,2,2
154,-2.979078,53.426261,3,1,1,1
155,-2.867364,53.350007999999995,2,1,1,1
156,-2.928466,53.36889300000001,3,4,1,2
157,-2.973802,53.423904,3,1,1,1
158,-2.894112,53.42645,2,1,1,1
159,-2.884129,53.36308100000001,3,1,1,1
160,-2.948443,53.39809399999999,3,1,4,2
161,-2.990064,53.402269,2,1,1,1
162,-2.952451,53.417972999999996,1,4,3,1
163,-2.946084,53.429403,2,1,3,2
164,-2.9307540000000003,53.40076800000001,3,1,1,1
165,-2.864288,53.382884999999995,2,1,1,1
166,-2.986799,53.408714,3,5,8,1
167,-2.969768,53.409941,3,1,1,1
168,-2.978366,53.403085,3,7,9,1
169,-2.967317,53.3961,3,1,1,1
170,-2.919035,53.45510600000001,2,7,1,1
171,-2.939556,53.389309999999995,3,4,1,1
172,-2.917357,53.445699,3,1,1,1
173,-2.944069,53.382596,3,4,1,2
174,-2.992595,53.404361,3,1,1,1
175,-2.93303,53.436742,3,1,1,1
176,-2.984875,53.432892,3,1,1,1
177,-2.937555,53.397479000000004,3,1,9,-1
178,-2.9494439999999997,53.3897,2,1,1,1
179,-2.927234,53.397991000000005,3,1,1,1
180,-2.894047,53.38460799999999,2,4,1,1
181,-2.886732,53.426182,3,1,1,1
182,-2.969574,53.388845999999994,2,4,1,1
183,-2.982643,53.426178,3,4,1,1
184,-2.959882,53.40919399999999,2,1,1,1
185,-2.9493669999999996,53.466653,1,1,1,1
186,-2.9233599999999997,53.430929000000006,3,1,1,1
187,-2.962047,53.403127000000005,3,4,1,1
188,-2.885335,53.40599399999999,3,1,1,2
189,-2.965752,53.441866000000005,2,1,1,1
190,-2.9479029999999997,53.467177,3,1,1,1
191,-2.916675,53.384643000000004,3,4,2,2
192,-2.881199,53.419876,3,4,2,2
193,-2.9957700000000003,53.407004,2,4,1,1
194,-2.972537,53.435716000000006,3,4,1,1
195,-2.9716,53.438205,2,4,2,2
196,-2.9241,53.426878,3,1,1,2
197,-2.96231,53.387475,3,4,1,2
198,-2.9113990000000003,53.443785,3,1,1,1
199,-2.931861,53.38189200000001,2,1,1,1
200,-2.976301,53.402913,3,1,1,1
201,-2.963674,53.425236,2,1,1,1
202,-2.988149,53.407238,3,4,1,1
203,-2.958014,53.43049499999999,3,4,1,1
204,-2.943261,53.388904000000004,3,1,1,1
205,-2.934924,53.393401000000004,3,1,1,1
206,-2.9707529999999998,53.441340000000004,3,1,1,1
207,-2.987807,53.406773,2,4,1,1
208,-2.870809,53.345848,3,4,1,2
209,-2.970749,53.441807,3,4,1,1
210,-2.9275,53.440622999999995,3,1,1,1
211,-2.967742,53.445301,3,1,9,-1
212,-2.910215,53.43278299999999,3,1,1,1
213,-2.967658,53.436979,3,1,1,2
214,-2.910308,53.458273999999996,2,1,1,1
215,-2.9925349999999997,53.40436999999999,3,1,1,1
216,-2.9879729999999998,53.400318000000006,3,4,9,-1
217,-2.8681900000000002,53.36183199999999,2,1,1,2
218,-2.9182669999999997,53.427147999999995,3,1,1,1
219,-2.972581,53.435680000000005,3,1,1,1
220,-2.844799,53.34163100000001,3,1,1,2
221,-2.937481,53.39475600000001,3,1,1,1
222,-2.940909,53.460859,3,1,2,2
223,-2.975606,53.402127,2,4,1,1
224,-2.9967029999999997,53.419913,3,1,1,1
225,-2.961909,53.423686,3,1,1,1
226,-2.9691110000000003,53.448562,2,1,1,1
227,-2.9966180000000002,53.423329,3,1,1,2
228,-2.9966209999999998,53.418979,3,4,1,1
229,-2.9341470000000003,53.397056000000006,2,1,1,1
230,-2.898388,53.445088,3,4,1,1
231,-2.9490439999999998,53.42715,3,4,1,1
232,-2.879686,53.43625600000001,3,7,1,1
233,-2.91488,53.43761899999999,3,1,1,1
234,-2.927913,53.38977,3,1,1,1
235,-2.990982,53.40876,3,1,1,1
236,-2.992744,53.404323,3,1,1,1
237,-2.948513,53.412098,3,1,1,1
238,-2.958924,53.397364,2,1,1,1
239,-2.921103,53.377337,3,1,1,1
240,-2.9442,53.39668100000001,2,1,2,2
241,-2.982555,53.41190400000001,3,4,2,2
242,-2.966837,53.447879,2,4,2,2
243,-2.9968790000000003,53.411345,2,1,1,1
244,-2.90983,53.368938,3,4,1,1
245,-2.9140099999999998,53.408986999999996,3,1,2,2
246,-2.933632,53.442211,3,1,1,1
247,-2.959421,53.392029,3,1,1,1
248,-2.94532,53.397013,3,4,1,1
249,-2.9778189999999998,53.429111999999996,3,1,1,1
250,-2.91158,53.412161,3,1,1,1
251,-2.9490369999999997,53.38829200000001,2,1,8,2
252,-2.966943,53.447933,3,4,1,1
253,-2.992029,53.404607999999996,3,4,1,1
254,-2.994166,53.405965,3,1,1,1
255,-2.838661,53.345718999999995,3,1,1,1
256,-2.928588,53.370367,3,1,2,2
257,-2.904897,53.415556,3,1,1,1
258,-2.995131,53.40736,3,1,2,2
259,-2.9923900000000003,53.405288,3,1,1,1
260,-2.979678,53.39406700000001,3,1,1,1
261,-2.961955,53.403074,3,1,1,1
262,-2.891723,53.415843,1,1,1,1
263,-2.958291,53.411373,3,1,1,1
264,-2.968581,53.390175,3,1,1,1
265,-2.955368,53.444070999999994,3,1,1,1
266,-2.948004,53.397999,3,1,1,1
267,-2.976507,53.430282,3,1,1,1
268,-2.970455,53.425612,2,1,1,1
269,-2.982345,53.411277,3,1,1,1
270,-2.961853,53.446543999999996,3,1,1,1
271,-2.963725,53.406169999999996,3,1,1,1
272,-2.981609,53.404164,3,1,1,1
273,-2.9288990000000004,53.426104,2,4,1,1
274,-2.9819299999999997,53.404377000000004,3,4,9,-1
275,-2.8943689999999997,53.397801,3,1,1,1
276,-2.951236,53.404679,3,1,1,1
277,-2.949436,53.394760999999995,3,1,1,1
278,-2.902806,53.355858,3,1,1,1
279,-2.891317,53.40577,3,4,2,2
280,-2.964825,53.420229000000006,3,7,1,1
281,-2.978373,53.405368,3,1,1,1
282,-2.947214,53.472108999999996,3,1,1,1
283,-2.94509,53.40764,3,1,1,1
284,-2.927091,53.398325,3,1,1,1
285,-2.913337,53.413424,3,1,1,1
286,-2.8996470000000003,53.415586,3,1,1,1
287,-2.973927,53.393143,3,1,1,1
288,-2.912632,53.413518999999994,3,1,1,1
289,-2.98894,53.413452,3,1,1,2
290,-2.983479,53.38609,3,4,2,2
291,-2.849847,53.34924399999999,3,1,1,1
292,-2.962237,53.414235999999995,3,1,1,1
293,-2.927159,53.389694999999996,3,1,1,1
294,-2.9895560000000003,53.414076,3,1,1,1
295,-2.9676310000000004,53.44769300000001,3,1,1,1
296,-2.940371,53.398329000000004,3,1,1,1
297,-2.921183,53.406082999999995,3,1,1,1
298,-2.90426,53.452891,3,1,1,1
299,-2.984518,53.435663,3,1,1,1
300,-2.842557,53.342914,3,1,1,1
301,-2.892948,53.383825,3,1,1,1
302,-2.96315,53.373401,2,1,1,1
303,-2.914305,53.409425,3,1,1,1
304,-2.9222799999999998,53.410208999999995,2,1,1,1
305,-2.946471,53.389238,3,7,1,1
306,-2.9163419999999998,53.437006000000004,2,4,1,1
307,-2.949577,53.389582,3,1,1,1
308,-2.969495,53.431049,3,1,1,1
309,-2.955534,53.444095999999995,3,1,1,1
310,-2.9484049999999997,53.408593999999994,3,1,1,1
311,-2.9325810000000003,53.414173999999996,2,4,1,1
312,-2.939818,53.432590000000005,2,1,1,1
313,-2.899742,53.406569999999995,3,1,1,1
314,-2.979885,53.40701800000001,3,1,1,1
315,-2.838197,53.345794,3,1,2,2
316,-2.94791,53.411348,3,4,1,1
317,-2.9222200000000003,53.39909,3,1,1,1
318,-2.943941,53.443433,3,1,1,1
319,-2.9615299999999998,53.40623299999999,2,1,1,1
320,-2.978079,53.40501999999999,3,1,1,1
321,-2.866257,53.38208,2,1,1,1
322,-2.9773549999999998,53.400324,3,1,2,2
323,-2.968948,53.389112,3,1,1,1
324,-2.9376729999999998,53.374798999999996,3,1,1,1
325,-2.967994,53.40937099999999,3,1,2,2
326,-2.9152869999999997,53.394909999999996,3,1,1,1
327,-2.985634,53.434477,3,1,1,1
328,-2.963917,53.445296,3,1,1,1
329,-2.9208950000000002,53.410166000000004,3,1,1,1
330,-2.936195,53.40948100000001,3,1,1,1
331,-2.879809,53.438573999999996,2,1,2,2
332,-2.916745,53.426378,3,1,1,1
333,-2.927581,53.464424,3,1,1,1
334,-2.856437,53.339983999999994,3,1,1,1
335,-2.864532,53.35855,3,1,1,1
336,-2.914334,53.409397999999996,3,4,1,1
337,-2.939767,53.422782999999995,2,1,1,1
338,-2.974128,53.401959999999995,3,1,1,1
339,-2.9466900000000003,53.466153000000006,3,1,1,1
340,-2.980023,53.394684,3,1,1,1
341,-2.8741369999999997,53.427686,2,1,1,1
342,-2.9280720000000002,53.443405000000006,3,1,1,1
343,-2.875169,53.400289,3,1,1,1
344,-2.842864,53.34785600000001,3,1,1,1
345,-2.864518,53.358605000000004,3,4,1,1
346,-2.943319,53.388777000000005,3,1,1,1
347,-2.9703880000000003,53.424651000000004,3,1,1,1
348,-2.989601,53.41279,3,1,1,1
349,-2.919233,53.407743,3,1,1,1
350,-2.872827,53.425484,2,1,1,1
351,-2.913064,53.388698,3,1,1,1
352,-2.982528,53.409442000000006,3,1,1,1
353,-2.86481,53.358899,3,1,1,1
354,-2.959953,53.382272,3,1,1,1
355,-2.865428,53.350840000000005,3,1,1,1
356,-2.979062,53.385587,3,1,1,1
357,-2.885938,53.436462,3,1,1,1
358,-2.96177,53.426868999999996,3,1,1,1
359,-2.8771400000000003,53.431025,3,1,1,1
360,-2.876191,53.385576,3,1,1,1
361,-2.864474,53.35866800000001,3,1,1,2
362,-2.976083,53.394690000000004,2,1,1,1
363,-2.874935,53.413782999999995,3,1,1,1
364,-2.896208,53.420924,3,1,1,1
365,-2.9458029999999997,53.456084,3,1,1,1
366,-2.982534,53.4051,3,1,1,1
367,-2.940454,53.422534999999996,3,4,1,1
368,-2.932624,53.38379200000001,3,4,1,1
369,-2.90825,53.387916000000004,3,1,1,1
370,-2.959798,53.445581000000004,3,1,1,1
371,-2.930543,53.436572,3,1,1,1
372,-2.86987,53.397811,3,1,1,1
373,-2.989277,53.407229,3,1,1,1
374,-2.981965,53.420242,3,1,1,1
375,-2.965474,53.452205000000006,3,1,1,1
376,-2.9077290000000002,53.41925500000001,3,4,1,1
377,-2.938525,53.453184,2,1,1,1
378,-2.976353,53.399937,3,1,1,1
379,-2.985602,53.396625,3,1,1,1
380,-2.932862,53.436626000000004,3,4,1,1
381,-2.923135,53.410113,3,1,1,1
382,-2.881777,53.407063,2,1,1,1
383,-2.919879,53.46976899999999,2,1,1,1
384,-2.971716,53.439983999999995,2,1,1,1
385,-2.947943,53.410818000000006,3,1,1,1
386,-2.978163,53.431635,3,1,1,1
387,-2.920411,53.41004399999999,3,1,1,1
388,-2.852183,53.390271,3,1,1,1
389,-2.871051,53.42031899999999,2,4,1,1
390,-2.9434709999999997,53.423527,3,4,1,1
391,-2.988412,53.425761,3,4,1,1
392,-2.963507,53.437794,2,1,1,1
393,-2.9468669999999997,53.457198999999996,3,1,1,1
394,-2.8985060000000002,53.365725,3,1,1,1
395,-2.933611,53.43716,3,1,1,1
396,-2.858285,53.340051,3,1,1,1
397,-2.932746,53.440951,2,1,1,1
398,-2.8650349999999998,53.35221,3,1,1,1
399,-2.910124,53.432765,3,1,1,1
400,-2.958749,53.41901899999999,3,1,1,1
401,-2.9089810000000003,53.386221,3,1,1,1
402,-2.87826,53.431314,3,1,1,1
403,-2.98295,53.399002,2,4,1,1
404,-2.9060900000000003,53.442675,2,1,1,1
405,-2.967852,53.446163,2,1,1,1
406,-2.966036,53.410565000000005,3,1,1,1
407,-2.950845,53.41412,3,1,1,1
408,-2.872866,53.437672,2,1,1,1
409,-2.914968,53.379343999999996,2,1,1,1
410,-2.92993,53.441602,3,1,1,1
411,-2.9136130000000002,53.365898,3,1,1,1
412,-2.892572,53.418318000000006,2,1,1,1
413,-2.9593439999999998,53.428748999999996,3,1,1,1
414,-2.961353,53.461766000000004,3,1,1,1
415,-2.9524220000000003,53.465847,3,1,1,1
416,-2.9520049999999998,53.426308999999996,3,1,1,1
417,-2.924092,53.443867000000004,3,1,1,1
418,-2.989973,53.402234,2,1,1,1
419,-2.865436,53.385367,3,1,1,1
420,-2.89267,53.353265,3,1,1,1
421,-2.832072,53.341325,2,1,1,1
422,-2.9729900000000002,53.405475,3,4,1,1
423,-2.833025,53.390181000000005,3,1,1,1
424,-2.993048,53.404447,3,1,1,1
425,-2.9056290000000002,53.41528,3,1,1,1
426,-2.9767959999999998,53.403502,3,1,1,1
427,-2.9196020000000003,53.415776,3,1,1,1
428,-2.9222599999999996,53.380069999999996,3,1,1,1
429,-2.894397,53.368299,2,1,1,1
430,-2.9198419999999996,53.433186,2,1,1,1
431,-2.933067,53.44599100000001,3,1,1,1
432,-2.9493810000000003,53.394293999999995,3,1,1,1
433,-2.941529,53.441906,3,1,1,1
434,-2.927977,53.423145,3,1,1,1
435,-2.924888,53.401452,3,1,1,1
436,-2.85538,53.356953000000004,3,1,2,2
437,-2.88829,53.38464200000001,3,1,1,1
438,-2.907588,53.431706000000005,3,1,1,1
439,-2.923241,53.41013,3,1,1,1
440,-2.9032400000000003,53.451648999999996,3,1,1,1
441,-2.900875,53.346982999999994,3,1,1,1
442,-2.987829,53.404499,3,1,1,1
443,-2.956541,53.397732999999995,3,1,1,1
444,-2.9840720000000003,53.40334300000001,3,1,1,1
445,-2.920288,53.428768999999996,3,1,1,1
446,-2.886946,53.419115000000005,3,1,1,1
447,-2.903874,53.413415,2,1,1,1
448,-2.905506,53.415155000000006,3,1,1,1
449,-2.932756,53.436609,2,1,2,2
450,-2.9329110000000003,53.436788,3,1,1,1
451,-2.888127,53.364553,3,1,1,1
452,-2.954803,53.39670400000001,3,4,1,1
453,-2.8923900000000002,53.383720999999994,2,1,1,2
454,-2.938308,53.452861999999996,2,1,9,1
455,-2.89285,53.463188,3,1,1,1
456,-2.915854,53.414322,3,1,1,1
457,-2.969002,53.433201000000004,2,4,1,-1
458,-2.993836,53.404054,3,1,1,1
459,-2.970982,53.389931000000004,3,4,1,1
460,-2.838602,53.345746,3,1,1,1
461,-2.936961,53.413565000000006,3,1,1,1
462,-2.9028680000000002,53.409234,2,1,1,1
463,-2.921185,53.415242000000006,2,1,1,1
464,-2.923909,53.43124,3,1,1,1
465,-2.914401,53.409002,3,1,1,1
466,-2.9075279999999997,53.414736,3,1,1,1
467,-2.988823,53.406486,3,1,1,1
468,-2.9346919999999996,53.372521,3,1,1,1
469,-2.961977,53.462031,2,1,1,2
470,-2.995562,53.407104000000004,3,1,1,1
471,-2.861846,53.383306999999995,3,4,1,2
472,-2.836596,53.346111,3,1,1,1
473,-2.932656,53.440968999999996,3,1,1,1
474,-2.966853,53.447942000000005,2,1,1,1
475,-2.956024,53.40687,3,1,1,1
476,-2.894619,53.440541,3,1,1,1
477,-2.903311,53.459998999999996,1,1,1,1
478,-2.9344099999999997,53.435148999999996,3,1,1,1
479,-2.9271130000000003,53.399995999999994,3,1,1,1
480,-2.933384,53.384864,3,1,1,1
481,-2.9108509999999996,53.430827,2,1,1,1
482,-2.955964,53.428354000000006,3,1,1,1
483,-2.924729,53.367070999999996,3,1,1,1
484,-2.910894,53.413856,3,1,1,1
485,-2.895482,53.384912,3,1,1,1
486,-2.94916,53.378987,3,4,1,1
487,-2.929385,53.440779000000006,3,1,1,1
488,-2.9055459999999997,53.415631999999995,2,4,1,1
489,-2.970239,53.445227,3,1,1,1
490,-2.914244,53.367313,3,1,1,1
491,-2.923575,53.431826,3,1,1,1
492,-2.9706099999999998,53.442977,2,1,1,1
493,-2.945418,53.41499,3,1,1,1
494,-2.9296450000000003,53.42509200000001,3,4,9,-1
495,-2.947521,53.403989,2,1,1,1
496,-2.97295,53.41032,3,1,1,1
497,-2.90817,53.414524,3,1,1,1
498,-2.9157029999999997,53.419185999999996,2,1,9,-1
499,-2.9378889999999998,53.468703000000005,3,4,2,2
500,-2.9643669999999998,53.451854000000004,2,1,2,2
501,-2.8661369999999997,53.391716,2,1,1,1
502,-2.968251,53.420003,3,1,1,1
503,-2.9525799999999998,53.433837,3,1,1,1
504,-2.9895970000000003,53.402246,3,1,1,1
505,-2.917441,53.409779,3,1,1,1
506,-2.9843919999999997,53.401552,3,1,1,1
507,-2.9206779999999997,53.469772,3,1,1,1
508,-2.911959,53.40876899999999,3,1,1,1
509,-2.93095,53.447661,3,1,1,1
510,-2.981845,53.424854,3,1,8,1
511,-2.93757,53.43648100000001,3,1,1,1
512,-2.9547529999999997,53.424696,3,4,1,1
513,-2.9301369999999998,53.390391,3,1,1,1
514,-2.872637,53.426474,2,1,1,1
515,-2.9134759999999997,53.413557999999995,2,1,1,1
516,-2.940759,53.432277,3,1,2,2
517,-2.9174830000000003,53.466246,3,1,1,1
518,-2.879036,53.402535,3,1,1,1
519,-2.8565810000000003,53.383902,3,4,1,1
520,-2.954468,53.427431000000006,3,6,1,1
521,-2.969609,53.432729,3,5,2,2
522,-2.933735,53.392646,3,1,9,-1
523,-2.924687,53.39011,3,1,2,2
524,-2.914346,53.365766,3,1,2,2
525,-2.876239,53.349126,3,4,1,1
526,-2.944904,53.412172,3,1,1,1
527,-2.913497,53.438421,3,1,1,1
528,-2.8599509999999997,53.395168000000005,3,1,1,1
529,-2.94806,53.458673,2,1,1,1
530,-2.989102,53.401666000000006,3,4,1,1
531,-2.941172,53.410053000000005,3,1,1,1
532,-2.99454,53.416174,3,1,1,1
533,-2.952049,53.434326,3,4,1,1
534,-2.952684,53.463427,2,1,1,1
535,-2.9107279999999998,53.413821,3,1,1,1
536,-2.9529,53.379497,3,1,1,1
537,-2.979103,53.406387,3,1,1,1
538,-2.9457709999999997,53.415985,3,4,1,1
539,-2.898746,53.406397,3,4,1,1
540,-2.9665340000000002,53.442489,3,1,1,1
541,-2.953662,53.425028000000005,3,4,1,1
542,-2.969041,53.445489,3,1,2,2
543,-2.988154,53.430177,2,1,1,2
544,-3.000283,53.42241800000001,2,1,1,1
545,-2.855916,53.391215,2,1,1,1
546,-2.851861,53.348546999999996,3,1,1,1
547,-2.964779,53.425487,3,1,1,1
548,-2.905636,53.400736,3,1,1,1
549,-2.837781,53.346804000000006,3,1,1,1
550,-2.9016669999999998,53.359588,2,1,1,1
551,-2.988179,53.407265,3,4,9,1
552,-2.945264,53.412133,2,1,1,2
553,-2.9994099999999997,53.43909,3,1,1,1
554,-2.948185,53.404092000000006,3,1,2,2
555,-2.914546,53.389818999999996,3,4,1,1
556,-2.973338,53.395008999999995,3,1,1,1
557,-2.977344,53.405080000000005,2,1,1,1
558,-2.840568,53.385346,3,4,1,1
559,-2.912988,53.438568000000004,3,1,1,1
560,-2.957627,53.38513100000001,3,4,1,1
561,-2.985225,53.433689,3,1,1,1
562,-2.95654,53.39770600000001,3,1,1,1
563,-2.954973,53.424416,3,1,1,1
564,-2.890045,53.394552000000004,3,1,2,2
565,-2.970798,53.441987,3,1,2,2
566,-2.913509,53.365979,3,1,1,2
567,-2.927652,53.434464,3,1,1,1
568,-2.967351,53.386293,3,1,1,1
569,-2.9408279999999998,53.412887,3,4,1,1
570,-2.933278,53.392362,2,7,1,1
571,-2.875093,53.422968000000004,3,4,1,1
572,-2.893354,53.345763,3,1,1,1
573,-2.963167,53.400781,3,1,1,1
574,-2.943171,53.388895,3,1,1,2
575,-2.864473,53.358623,3,1,1,1
576,-2.970375,53.408857999999995,3,4,1,1
577,-2.957078,53.443768999999996,3,1,1,1
578,-2.975965,53.438159999999996,3,1,1,1
579,-2.8498799999999997,53.347114000000005,3,1,1,1
580,-2.8548709999999997,53.348831000000004,3,1,1,1
581,-2.9618759999999997,53.410886,3,1,1,1
582,-2.8643419999999997,53.355837,3,1,1,1
583,-2.873655,53.371176,3,1,1,1
584,-2.9784200000000003,53.409385,3,1,1,1
585,-2.988997,53.40684399999999,3,4,1,1
586,-2.914859,53.398104000000004,3,1,1,1
587,-2.985814,53.421431999999996,3,1,1,1
588,-2.9871220000000003,53.41099499999999,3,1,1,1
589,-2.968932,53.391054000000004,3,1,5,2
590,-2.982828,53.407435,2,1,1,1
591,-2.941052,53.398485,3,1,1,1
592,-2.9306240000000003,53.429272999999995,3,1,1,1
593,-2.979077,53.42815699999999,3,1,1,1
594,-2.994226,53.405956,2,1,1,1
595,-2.948907,53.37907,3,4,1,1
596,-2.987813,53.410934999999995,2,1,1,2
597,-2.991539,53.395839,3,1,1,1
598,-2.932505,53.440943000000004,3,1,1,1
599,-2.913575,53.428038,2,1,1,1
600,-2.980689,53.401439,2,1,1,1
601,-2.924534,53.384412,3,1,2,2
602,-2.971181,53.445561,2,1,1,1
603,-2.953921,53.464828000000004,3,1,9,1
604,-2.935986,53.413706999999995,3,1,1,1
605,-2.9547470000000002,53.427096,3,1,1,1
606,-2.978334,53.421386,3,4,1,1
607,-2.903063,53.451138,3,1,1,1
608,-2.909838,53.446862,3,1,1,1
609,-2.891046,53.42375799999999,3,1,1,1
610,-2.883826,53.419551,3,1,1,1
611,-2.937677,53.394808,3,7,1,2
612,-2.967244,53.42935,3,1,1,1
613,-2.8982189999999997,53.365646,3,1,1,1
614,-2.906237,53.442493999999996,3,1,1,1
615,-2.911,53.430781,3,1,1,1
616,-2.909894,53.369108,3,1,1,1
617,-2.864473,53.358614,3,4,1,1
618,-2.955461,53.390488,3,4,1,1
619,-2.955578,53.470199,3,1,1,1
620,-2.885707,53.43623,3,4,1,1
621,-2.90367,53.391006999999995,3,1,1,1
622,-2.945668,53.403859999999995,3,1,1,1
623,-2.993648,53.407624,3,1,1,1
624,-2.864584,53.373714,3,1,1,1
625,-2.930744,53.42511,3,1,1,2
626,-2.909057,53.368602,3,1,2,2
627,-2.981156,53.404743,3,1,1,1
628,-2.904128,53.413341,2,1,9,1
629,-2.934301,53.373199,2,1,1,1
630,-2.866447,53.345575,3,4,1,1
631,-2.932505,53.440943000000004,3,1,1,1
632,-2.978491,53.40525,2,1,1,1
633,-2.932701,53.440968999999996,3,1,1,1
634,-2.8979619999999997,53.35775600000001,3,1,1,1
635,-2.968279,53.435148999999996,3,4,1,1
636,-2.943372,53.383042,3,4,1,1
637,-2.9599740000000003,53.429328000000005,3,1,1,1
638,-2.919023,53.415448,3,1,1,1
639,-2.922699,53.410125,3,1,1,1
640,-2.955932,53.46719399999999,3,1,1,1
641,-2.905208,53.414618000000004,3,4,1,1
642,-2.925614,53.42106,3,4,1,2
643,-2.9594709999999997,53.402977,3,1,1,1
644,-2.900254,53.461424,3,1,1,1
645,-2.885843,53.436238,3,1,1,1
646,-2.955126,53.390283999999994,3,1,1,1
647,-2.948379,53.408072,3,1,1,1
648,-2.997048,53.408935,3,1,1,1
649,-2.963616,53.461928,3,1,1,1
650,-2.885675,53.436158,3,1,1,1
651,-2.9564169999999996,53.46461899999999,3,1,1,1
652,-2.926854,53.428952,3,4,1,1
653,-2.9689900000000002,53.422064,2,4,1,1
654,-2.925815,53.41018199999999,3,1,1,1
655,-2.913511,53.365331999999995,3,1,1,1
656,-2.902711,53.45369399999999,3,4,1,1
657,-2.90991,53.369126,3,4,1,1
658,-2.9622029999999997,53.411378000000006,3,4,1,1
659,-2.912992,53.417678,3,1,4,2
660,-2.895469,53.385029,3,4,1,2
661,-2.927412,53.464264,3,4,2,2
662,-2.952251,53.417777,3,4,2,2
663,-2.9493560000000003,53.41211,3,1,1,1
664,-2.931362,53.38039499999999,3,1,4,1
665,-2.942582,53.454806000000005,3,1,1,2
666,-2.954103,53.411784,3,4,5,2
667,-2.9319889999999997,53.468982999999994,3,4,2,2
668,-2.948185,53.404092000000006,3,4,1,1
669,-2.936369,53.441417,3,1,1,1
670,-2.910648,53.360078,3,4,2,2
671,-2.970765,53.441852000000004,3,1,1,1
672,-2.87695,53.440061,3,1,1,1
673,-2.9656990000000003,53.389731000000005,3,1,1,1
674,-2.949402,53.400001,3,1,1,1
675,-2.91702,53.426538,3,1,1,1
676,-2.938266,53.413375,3,1,1,1
677,-2.946686,53.384014,3,4,2,2
678,-2.90707,53.380492000000004,2,1,1,1
679,-2.895394,53.40294399999999,2,1,1,1
680,-2.951172,53.434837,3,1,1,1
681,-2.9086790000000002,53.405226,2,1,1,1
682,-2.858346,53.340078000000005,3,1,1,1
683,-2.948292,53.40419,2,4,1,1
684,-2.903954,53.407957999999994,3,4,1,1
685,-2.948419,53.408531,3,1,1,1
686,-2.932415,53.44098,3,1,1,1
687,-2.8723259999999997,53.349514,3,1,1,2
688,-2.937434,53.436446999999994,3,4,1,1
689,-2.913718,53.398185,3,1,1,1
690,-2.913783,53.398391000000004,3,1,1,1
691,-2.97917,53.38635,3,1,1,1
692,-2.964089,53.452206999999994,3,1,2,2
693,-2.835003,53.387533999999995,3,1,1,1
694,-2.930143,53.441699,3,1,1,1
695,-2.984008,53.407722,3,1,1,1
696,-2.964243,53.385177,2,4,1,1
697,-2.985646,53.400481000000006,3,1,1,1
698,-2.965114,53.416379000000006,3,1,1,1
699,-2.904218,53.384235,2,1,1,1
700,-2.934334,53.435087,3,4,1,1
701,-2.965172,53.445529,3,1,1,1
702,-2.9489490000000003,53.412085999999995,3,4,1,1
703,-2.964045,53.386382999999995,2,4,1,1
704,-2.947006,53.387598,3,4,1,1
705,-2.977769,53.404618000000006,3,1,1,1
706,-2.983347,53.408401,3,1,1,1
707,-2.868036,53.361662,3,4,1,1
708,-2.910705,53.431034999999994,3,1,1,1
709,-2.8973869999999997,53.45545,3,1,1,1
710,-2.955867,53.396533999999996,3,4,1,1
711,-2.965,53.39471700000001,3,4,1,1
712,-2.937794,53.423401,3,7,1,-1
713,-2.9784490000000003,53.40933100000001,3,1,1,1
714,-2.907597,53.384766000000006,3,1,1,1
715,-2.961846,53.406239,3,1,1,1
716,-2.973042,53.433474,2,4,2,2
717,-2.990631,53.407262,2,4,2,2
718,-2.9289099999999997,53.425906000000005,2,4,1,2
719,-2.981855,53.422013,3,1,1,1
720,-2.950247,53.44599,3,1,1,1
721,-2.918096,53.364039,3,4,2,2
722,-2.981009,53.44215500000001,3,4,1,1
723,-2.892049,53.353018000000006,3,4,2,2
724,-2.893743,53.37655600000001,2,1,2,2
725,-2.913386,53.413593999999996,3,1,1,1
726,-2.97493,53.399499,3,4,1,1
727,-2.866492,53.380352,2,1,1,1
728,-2.912049,53.413685,3,4,1,-1
729,-2.986226,53.400863,3,1,1,1
730,-2.910743,53.413821,3,1,1,1
731,-2.9781779999999998,53.405405,3,1,1,1
732,-2.876307,53.432235999999996,3,1,1,1
733,-2.953984,53.380926,3,4,1,1
734,-2.898786,53.372617000000005,3,4,1,1
735,-2.987701,53.39569100000001,3,4,2,2
736,-2.980962,53.404807,2,4,1,1
737,-2.972255,53.420735,3,4,1,1
738,-2.980975,53.396178000000006,3,1,1,1
739,-2.978724,53.425895,3,4,1,2
740,-2.971262,53.438584999999996,2,1,1,1
741,-2.923771,53.37420600000001,3,1,1,1
742,-2.979969,53.440788,3,4,1,1
743,-2.9099049999999997,53.4507,3,1,1,1
744,-2.919407,53.454896999999995,3,4,2,2
745,-2.975669,53.402235,3,4,1,1
746,-2.896617,53.397415,3,1,1,1
747,-2.9626419999999998,53.380192,3,4,8,2
748,-2.876811,53.420159999999996,2,1,1,1
749,-2.935934,53.450391,3,4,2,2
750,-2.892156,53.383327,3,4,1,1
751,-2.943918,53.382560999999995,3,4,1,1
752,-2.8537049999999997,53.337801,3,1,1,1
753,-2.894129,53.410756000000006,3,1,1,1
754,-2.8717759999999997,53.42044,3,1,1,1
755,-2.926798,53.389662,3,4,1,1
756,-2.956497,53.407171999999996,3,1,1,1
757,-2.941229,53.468524,3,1,1,1
758,-2.959807,53.429258,3,1,1,1
759,-2.9791950000000003,53.428084999999996,3,1,1,1
760,-2.954736,53.428633,3,1,1,1
761,-2.9797119999999997,53.427657999999994,3,1,1,1
762,-2.93991,53.440876,2,1,1,1
763,-2.947867,53.387088,3,4,1,2
764,-2.930088,53.390238000000004,3,4,1,1
765,-2.8771400000000003,53.42006800000001,2,1,1,1
766,-2.98355,53.411339,3,1,1,1
767,-2.9729349999999997,53.41032,3,4,1,1
768,-2.868603,53.42054399999999,2,1,1,1
769,-2.932977,53.375896999999995,3,1,1,1
770,-2.874552,53.349641000000005,3,1,1,1
771,-2.9538290000000003,53.442581999999994,3,1,1,1
772,-2.881174,53.376461,3,1,1,2
773,-2.848969,53.348163,3,1,1,1
774,-2.970018,53.405751,3,4,1,1
775,-2.9980130000000003,53.414795999999996,3,1,1,1
776,-2.978018,53.404993000000005,3,1,1,1
777,-2.96089,53.442588,3,1,1,2
778,-2.855952,53.359277,2,1,1,1
779,-2.978675,53.394938,3,1,1,1
780,-2.9538450000000003,53.425143999999996,3,4,2,2
781,-2.972989,53.405412,2,1,2,2
782,-2.855955,53.359439,3,1,1,1
783,-2.9598459999999998,53.38221899999999,3,1,1,1
784,-2.944211,53.412123,3,1,1,2
785,-2.942286,53.422359,2,4,1,1
786,-2.962368,53.457363,3,4,1,1
787,-2.8961069999999998,53.462624,2,4,1,1
788,-2.9019369999999998,53.424261,3,1,1,1
789,-2.9612990000000003,53.442046,3,4,1,2
790,-2.972036,53.42104200000001,3,1,2,2
791,-2.917738,53.398415,2,4,1,1
792,-2.982797,53.40934,3,4,1,1
793,-2.940615,53.39572,2,1,1,1
794,-2.9661619999999997,53.380945,3,1,1,1
795,-2.982843,53.407425,3,4,1,1
796,-2.918764,53.364348,3,1,1,1
797,-2.9704200000000003,53.408857,3,1,1,1
798,-2.959451,53.422816000000005,3,1,1,1
799,-2.962293,53.400725,3,4,1,1
800,-2.87751,53.383210999999996,2,1,1,1
801,-2.929724,53.425253000000005,3,1,1,1
802,-2.955476,53.390496999999996,3,4,1,1
803,-2.9666490000000003,53.46416899999999,2,4,1,1
804,-2.893224,53.422124,3,5,8,2
805,-2.94817,53.404101000000004,3,4,1,1
806,-2.982756,53.393206000000006,3,1,1,1
807,-2.901785,53.409259999999996,3,1,1,1
808,-2.962354,53.400752000000004,2,4,1,1
809,-2.949824,53.39865,3,4,1,1
810,-2.9485669999999997,53.439514,3,1,1,1
811,-2.961338,53.397039,3,4,1,2
812,-2.967984,53.432095,3,4,2,2
813,-2.907938,53.367585999999996,2,4,1,2
814,-2.9361509999999997,53.409553,3,1,1,1
815,-2.953758,53.44277099999999,2,4,1,2
816,-2.989769,53.40963299999999,3,1,1,1
817,-2.9589380000000003,53.38664,2,1,1,1
818,-2.93748,53.436455,3,4,1,2
819,-2.900852,53.362956000000004,3,1,1,2
820,-2.930225,53.390308999999995,3,1,1,2
821,-2.9319889999999997,53.468965000000004,3,1,1,1
822,-2.922338,53.410101,3,4,1,2
823,-2.9483610000000002,53.405924,3,1,1,2
824,-2.937418,53.436393,3,1,1,1
825,-2.977019,53.42834499999999,3,1,1,1
826,-2.9251970000000003,53.453143999999995,3,1,1,1
827,-2.973236,53.440637,3,4,2,2
828,-2.903556,53.377120999999995,3,4,2,2
829,-2.970269,53.456427000000005,2,4,1,2
830,-2.890699,53.405702000000005,3,1,1,1
831,-2.982646,53.409333,3,1,1,1
832,-2.888977,53.351971,3,4,2,2
833,-2.8924090000000002,53.383928000000004,3,1,1,2
834,-2.997062,53.408863000000004,3,4,5,2
835,-2.9621939999999998,53.393661,2,1,1,1
836,-2.957405,53.428854,2,4,1,2
837,-2.914217,53.41375,3,4,1,1
838,-2.982973,53.40199499999999,3,4,1,1
839,-2.927671,53.389718,3,1,1,1
840,-2.984054,53.407766,3,4,1,1
841,-2.990845,53.405463,3,1,1,1
842,-2.862377,53.393946,3,1,1,3
843,-2.940794,53.43997099999999,2,1,1,1
844,-2.958114,53.406826,3,4,1,1
845,-2.900425,53.406124,3,4,1,1
846,-2.9803830000000002,53.401837,2,4,1,1
847,-2.932761,53.440968000000005,3,1,1,1
848,-2.9653110000000003,53.442364000000005,3,1,1,1
849,-2.994555,53.416191000000005,3,4,1,1
850,-2.912311,53.389351,3,4,2,2
851,-2.924801,53.402271,3,1,1,1
852,-2.9594840000000002,53.421575,3,1,1,2
853,-2.9046689999999997,53.396294,3,1,1,1
854,-2.946108,53.397241,3,6,1,1
855,-2.9146240000000003,53.39976899999999,3,4,1,1
856,-2.9754389999999997,53.402039,3,4,4,1
857,-2.886581,53.39863199999999,3,1,5,2
858,-2.9887479999999997,53.406478,2,1,1,1
859,-2.990537,53.405816,3,4,1,2
860,-2.979095,53.394234,2,4,2,2
861,-2.910719,53.43099,2,1,1,1
862,-2.990508,53.400018,3,4,1,1
863,-2.8999509999999997,53.40504,3,1,1,1
864,-2.989322,53.420864,3,4,2,2
865,-2.975917,53.4019,2,4,2,2
866,-2.978497,53.42389300000001,3,1,2,2
867,-2.943565,53.425746999999994,3,5,2,2
868,-2.972757,53.403841,3,4,1,2
869,-2.907351,53.459456,3,4,1,2
870,-2.9680169999999997,53.43555500000001,3,4,2,2
871,-2.944171,53.396717,3,4,1,2
872,-2.972414,53.436293000000006,3,1,1,2
873,-2.955373,53.390578000000005,3,1,1,1
874,-2.96905,53.44851800000001,3,1,2,2
875,-2.853185,53.354631999999995,3,4,1,2
876,-2.982549,53.411662,2,4,2,2
877,-2.941506,53.447003,3,4,1,1
878,-2.933707,53.42435,2,4,1,1
879,-2.949472,53.398401,3,4,8,2
880,-2.9375419999999997,53.436563,3,4,5,2
881,-2.9091139999999998,53.381859999999996,3,1,1,1
882,-2.866818,53.360853000000006,3,1,2,2
883,-2.888343,53.418997,2,4,1,2
884,-2.895369,53.37311,3,1,1,1
885,-2.972673,53.434447999999996,3,1,1,1
886,-2.978729,53.403199,2,4,1,1
887,-2.982201,53.423305000000006,1,4,1,2
888,-2.981216,53.404715,3,1,1,1
889,-2.9494849999999997,53.459793999999995,3,1,1,2
890,-2.9292580000000004,53.452223,3,4,1,2
891,-2.93834,53.413329000000004,3,1,1,1
892,-2.969213,53.441784,3,4,1,1
893,-2.944171,53.396735,3,1,1,1
894,-2.938805,53.453577,3,1,1,1
895,-2.903486,53.377382,3,1,1,1
896,-2.8787700000000003,53.367741,3,1,1,2
897,-2.976074,53.400892000000006,3,1,1,1
898,-2.944396,53.393981999999994,3,4,1,1
899,-2.980258,53.404912,3,4,1,1
900,-2.961822,53.462509,3,4,1,1
901,-2.956277,53.388656000000005,3,4,1,1
902,-2.8572509999999998,53.369363,3,1,1,1
903,-2.947218,53.378158,2,1,1,1
904,-2.9649900000000002,53.384964000000004,3,1,1,1
905,-2.982719,53.409251,3,1,1,1
906,-2.905405,53.35655799999999,3,4,1,2
907,-2.98486,53.432901,2,4,1,1
908,-2.962023,53.437402,2,1,1,1
909,-2.973894,53.391049,3,1,1,1
910,-2.9601189999999997,53.384311,3,1,1,1
911,-2.884786,53.419444999999996,3,4,1,2
912,-2.858346,53.340095999999996,3,1,1,1
913,-2.967017,53.464434999999995,3,1,1,1
914,-2.9850380000000003,53.409313,2,4,2,2
915,-2.991539,53.395839,3,4,1,2
916,-2.8940099999999997,53.3893,3,5,2,2